experiment,distribution,episode,seed,trajectory_type,task_success,collision_free_success,human_collision,near_miss,near_miss_events,minimum_separation,completion_time,episode_duration,episode_length,placement_error,grasp_success,lift_success,safety_interventions,safety_clamped_steps,safety_vetoed_steps,safety_clamp_rate,proximity_steps,waiting_steps,waiting_time,human_safety_cost,reward,termination
no-human,no_human,0,30000,reach_object,1,1,0,0,0,0.40545883409637606,2.75,2.75,55,0.017748550829568895,1,1,43,43,0,0.7818181818181819,0,0,0.0,0.0,279.9884302430435,success
no-human,no_human,1,30001,reverse,1,1,0,0,0,0.4356744302276764,2.9,2.9,58,0.00954084199088745,1,1,44,44,0,0.7586206896551724,0,0,0.0,0.0,283.2572087396369,success
no-human,no_human,2,30002,cross_workspace,1,1,0,0,0,0.29608574755926553,2.95,2.95,59,0.0054982563509918215,1,1,41,41,0,0.6949152542372882,0,0,0.0,0.0,281.20722697783657,success
no-human,no_human,3,30003,cross_workspace,1,1,0,0,0,0.2150042856751056,3.75,3.75,75,0.021909474572852534,1,1,46,46,0,0.6133333333333333,0,0,0.0,0.0,275.95753334232757,success
no-human,no_human,4,30004,reach_target,1,1,0,0,0,0.3717476208776641,2.9,2.9,58,0.012924562743004025,1,1,42,42,0,0.7241379310344828,0,0,0.0,0.0,288.40412924595364,success
no-human,no_human,5,30005,reach_object,1,1,0,0,0,0.42813282293080357,3.05,3.05,61,0.012522924938925989,1,1,37,37,0,0.6065573770491803,0,0,0.0,0.0,284.2394699118356,success
no-human,no_human,6,30006,pause_and_continue,1,1,0,0,0,0.30672301657850953,3.3,3.3,66,0.0013562363032095033,1,1,54,54,0,0.8181818181818182,0,0,0.0,0.0,282.89978786508715,success
no-human,no_human,7,30007,pause_and_continue,1,1,0,0,0,0.23422761702385067,3.8,3.8,76,0.041738416910622265,1,1,66,66,0,0.868421052631579,0,0,0.0,0.0,292.5081082333597,success
no-human,no_human,8,30008,reach_target,1,1,0,0,0,0.39338723706285134,3.4,3.4,68,0.0354427597554775,1,0,49,49,0,0.7205882352941176,0,0,0.0,0.0,253.5056037866284,success
no-human,no_human,9,30009,reverse,1,1,0,0,0,0.36426451474053656,3.5,3.5,70,0.01330790716181533,1,1,57,57,0,0.8142857142857143,0,0,0.0,0.0,288.69004079680184,success
no-human,no_human,10,30010,pause_and_continue,1,1,0,0,0,0.33229210436123313,3.05,3.05,61,0.0034072194086160012,1,1,35,35,0,0.5737704918032787,0,0,0.0,0.0,277.153207387048,success
no-human,no_human,11,30011,reach_target,1,1,0,0,0,0.3346549377358151,2.5,2.5,50,0.007480981886897208,1,1,38,38,0,0.76,0,0,0.0,0.0,283.23048793742566,success
no-human,no_human,12,30012,reverse,1,1,0,0,0,0.3970564487896321,2.9,2.9,58,0.010680135851189357,1,1,42,42,0,0.7241379310344828,0,0,0.0,0.0,279.7062083794215,success
no-human,no_human,13,30013,reverse,1,1,0,0,0,0.369050238826393,2.35,2.35,47,0.018145200680586487,1,1,37,37,0,0.7872340425531915,0,0,0.0,0.0,279.56295728160336,success
no-human,no_human,14,30014,pause_and_continue,1,1,0,0,0,0.3278416406652582,4.3,4.3,86,0.019526221201267773,1,1,53,53,0,0.6162790697674418,0,0,0.0,0.0,284.63398343919744,success
no-human,no_human,15,30015,pause_and_continue,1,1,0,0,0,0.2336817663776051,3.0,3.0,60,0.013510973389393454,1,1,48,48,0,0.8,0,0,0.0,0.0,284.64150717664404,success
no-human,no_human,16,30016,cross_workspace,1,1,0,0,0,0.2822523681929494,3.2,3.2,64,0.015592745824344,1,1,51,51,0,0.796875,0,0,0.0,0.0,284.3244665271424,success
no-human,no_human,17,30017,reverse,1,1,0,0,0,0.26467529360201025,3.45,3.45,69,0.016315234541268615,1,1,47,47,0,0.6811594202898551,0,0,0.0,0.0,283.17942714761466,success
no-human,no_human,18,30018,reverse,1,1,0,0,0,0.23571648726105934,7.6,7.6,152,0.010999670420406919,1,1,117,117,0,0.7697368421052632,0,0,0.0,0.0,280.4970795134333,success
no-human,no_human,19,30019,reverse,1,1,0,0,0,0.2664633205789846,2.8,2.8,56,0.007375465627616918,1,1,42,42,0,0.75,0,0,0.0,0.0,281.91771845694126,success
no-human,no_human,20,30020,reach_target,0,0,0,0,0,0.43725177562657114,,10.0,200,0.25374920696574954,1,0,183,183,0,0.915,0,0,0.0,0.0,-2.8199065991703334,timeout
no-human,no_human,21,30021,cross_workspace,1,1,0,0,0,0.36038651289688095,2.7,2.7,54,0.004866542492340672,1,1,35,35,0,0.6481481481481481,0,0,0.0,0.0,282.31022987160856,success
no-human,no_human,22,30022,reach_target,1,1,0,0,0,0.38121286512470176,2.6,2.6,52,0.009355388820711444,1,1,47,47,0,0.9038461538461539,0,0,0.0,0.0,281.6556613997448,success
no-human,no_human,23,30023,reverse,1,1,0,0,0,0.3013364959419962,3.95,3.95,79,0.016366753983454812,1,1,59,59,0,0.7468354430379747,0,0,0.0,0.0,286.3279018447649,success
no-human,no_human,24,30024,reach_target,1,1,0,0,0,0.3174695581331912,2.65,2.65,53,0.010046354063188953,1,1,38,38,0,0.7169811320754716,0,0,0.0,0.0,269.3074225069279,success
no-human,no_human,25,30025,reverse,1,1,0,0,0,0.3410695640432788,2.2,2.2,44,0.011155664461673357,1,1,30,30,0,0.6818181818181818,0,0,0.0,0.0,279.82822421600366,success
no-human,no_human,26,30026,reverse,1,1,0,0,0,0.22438861299075716,3.3,3.3,66,0.012111977799466362,1,1,46,46,0,0.696969696969697,0,0,0.0,0.0,287.3756001268517,success
no-human,no_human,27,30027,cross_workspace,1,1,0,0,0,0.3449059893242672,3.7,3.7,74,0.008374649131275553,1,1,60,60,0,0.8108108108108109,0,0,0.0,0.0,281.2167371140729,success
no-human,no_human,28,30028,reach_object,1,1,0,0,0,0.33877339118017735,2.15,2.15,43,0.020443522575150544,1,1,29,29,0,0.6744186046511628,0,0,0.0,0.0,280.93175480896264,success
no-human,no_human,29,30029,pause_and_continue,1,1,0,0,0,0.32586286936538444,3.0,3.0,60,0.00927305557816494,1,1,42,42,0,0.7,0,0,0.0,0.0,285.6549516352312,success
no-human,no_human,30,30030,cross_workspace,1,1,0,0,0,0.3629312830585315,3.1,3.1,62,0.01914589022905768,1,1,33,33,0,0.532258064516129,0,0,0.0,0.0,287.8739735541062,success
no-human,no_human,31,30031,cross_workspace,0,0,0,0,0,0.25169190557680476,,10.0,200,0.047296439536440006,1,0,178,178,0,0.89,0,0,0.0,0.0,44.15905044297249,timeout
no-human,no_human,32,30032,reverse,1,1,0,0,0,0.317658133786745,3.5,3.5,70,0.019504411384516335,1,1,50,50,0,0.7142857142857143,0,0,0.0,0.0,289.033082300793,success
no-human,no_human,33,30033,pause_and_continue,1,1,0,0,0,0.2654624341680475,3.35,3.35,67,0.028819788324951374,1,1,54,54,0,0.8059701492537313,0,0,0.0,0.0,282.19044409327023,success
no-human,no_human,34,30034,reach_target,1,1,0,0,0,0.3492470407685808,3.1,3.1,62,0.004867910694572502,1,1,44,44,0,0.7096774193548387,0,0,0.0,0.0,279.71163905138496,success
no-human,no_human,35,30035,reach_object,1,1,0,0,0,0.37865582321384816,2.95,2.95,59,0.0036913335138388063,1,1,49,49,0,0.8305084745762712,0,0,0.0,0.0,276.0728362063875,success
no-human,no_human,36,30036,reverse,1,1,0,0,0,0.27978498934248186,3.35,3.35,67,0.008343024130922869,1,1,54,54,0,0.8059701492537313,0,0,0.0,0.0,289.99867841443626,success
no-human,no_human,37,30037,cross_workspace,1,1,0,0,0,0.2983150144885981,3.0,3.0,60,0.011895691429728251,1,1,49,49,0,0.8166666666666667,0,0,0.0,0.0,290.10342220825333,success
no-human,no_human,38,30038,reverse,1,1,0,0,0,0.34157215480998016,2.2,2.2,44,0.004251901436992207,1,1,33,33,0,0.75,0,0,0.0,0.0,280.225136683429,success
no-human,no_human,39,30039,reverse,1,1,0,0,0,0.35710106243837053,2.95,2.95,59,0.017439615452679802,1,1,46,46,0,0.7796610169491526,0,0,0.0,0.0,288.91777201254513,success
no-human,no_human,40,30040,reach_target,1,1,0,0,0,0.44008307903345945,3.05,3.05,61,0.01561715530727149,1,1,41,41,0,0.6721311475409836,0,0,0.0,0.0,283.9296200417268,success
no-human,no_human,41,30041,reverse,1,1,0,0,0,0.2577618651543121,3.0,3.0,60,0.014537392240052089,1,1,47,47,0,0.7833333333333333,0,0,0.0,0.0,285.5488391309047,success
no-human,no_human,42,30042,reach_object,1,1,0,0,0,0.4322014533080196,3.2,3.2,64,0.0016488145202501298,1,1,44,44,0,0.6875,0,0,0.0,0.0,278.3402141048398,success
no-human,no_human,43,30043,reach_object,1,1,0,0,0,0.3747175546251073,3.45,3.45,69,0.012742236797038226,1,1,58,58,0,0.8405797101449275,0,0,0.0,0.0,288.076107380399,success
no-human,no_human,44,30044,reach_target,1,1,0,0,0,0.3823286029255163,2.6,2.6,52,0.022431084630598407,1,1,39,39,0,0.75,0,0,0.0,0.0,282.83373440112206,success
no-human,no_human,45,30045,reach_object,1,1,0,0,0,0.3033264577442818,4.25,4.25,85,0.002726775308658912,1,1,75,75,0,0.8823529411764706,0,0,0.0,0.0,286.49270067616624,success
no-human,no_human,46,30046,pause_and_continue,1,1,0,0,0,0.40126372611556416,2.6,2.6,52,0.012402927718881367,1,1,45,45,0,0.8653846153846154,0,0,0.0,0.0,284.90322112523984,success
no-human,no_human,47,30047,reverse,1,1,0,0,0,0.37252954869294197,4.15,4.15,83,0.015588062836967774,1,1,68,68,0,0.8192771084337349,0,0,0.0,0.0,285.1653512894298,success
no-human,no_human,48,30048,reverse,0,0,0,0,0,0.25246602075010216,,10.0,200,0.28270931794775167,1,0,180,180,0,0.9,0,0,0.0,0.0,19.882126047814698,timeout
no-human,no_human,49,30049,reverse,1,1,0,0,0,0.3177007562658298,3.85,3.85,77,0.040616331788436016,1,1,61,61,0,0.7922077922077922,0,0,0.0,0.0,286.6393787256205,success
no-human,no_human,50,30050,reach_target,1,1,0,0,0,0.369425211569935,2.85,2.85,57,0.04289595424731994,1,1,37,37,0,0.6491228070175439,0,0,0.0,0.0,278.8207518765958,success
no-human,no_human,51,30051,reverse,1,1,0,0,0,0.3756884053234488,3.0,3.0,60,0.006898811625291198,1,1,46,46,0,0.7666666666666667,0,0,0.0,0.0,283.49823184993994,success
no-human,no_human,52,30052,reach_object,1,1,0,0,0,0.34455648913637826,2.65,2.65,53,0.006268639220157606,1,1,38,38,0,0.7169811320754716,0,0,0.0,0.0,283.1672775392101,success
no-human,no_human,53,30053,reach_target,1,1,0,0,0,0.4303162280931738,4.15,4.15,83,0.021607672309975692,1,1,64,64,0,0.7710843373493976,0,0,0.0,0.0,288.56323129933895,success
no-human,no_human,54,30054,cross_workspace,1,1,0,0,0,0.41793158677989306,2.2,2.2,44,0.017137234368961498,1,1,32,32,0,0.7272727272727273,0,0,0.0,0.0,280.8703579932897,success
no-human,no_human,55,30055,reverse,1,1,0,0,0,0.3914660782905903,2.4,2.4,48,0.014473570135234573,1,1,34,34,0,0.7083333333333334,0,0,0.0,0.0,281.6508299977937,success
no-human,no_human,56,30056,reverse,1,1,0,0,0,0.2950023919622553,2.3,2.3,46,0.02431480479743636,1,1,35,35,0,0.7608695652173914,0,0,0.0,0.0,279.21703737152416,success
no-human,no_human,57,30057,reach_target,1,1,0,0,0,0.45033167556442766,3.0,3.0,60,0.012799493183829039,1,1,49,49,0,0.8166666666666667,0,0,0.0,0.0,288.9621382975118,success
no-human,no_human,58,30058,cross_workspace,1,1,0,0,0,0.2682496408351387,2.45,2.45,49,0.009905512753320706,1,1,44,44,0,0.8979591836734694,0,0,0.0,0.0,284.3251712032202,success
no-human,no_human,59,30059,pause_and_continue,1,1,0,0,0,0.3738274644437586,3.65,3.65,73,0.01042212865556495,1,1,62,62,0,0.8493150684931506,0,0,0.0,0.0,290.9323161131512,success
no-human,no_human,60,30060,reach_object,1,1,0,0,0,0.4203674841859948,2.5,2.5,50,0.01648409333369956,1,1,33,33,0,0.66,0,0,0.0,0.0,278.4756805311751,success
no-human,no_human,61,30061,reverse,1,1,0,0,0,0.26410239188974116,3.6,3.6,72,0.018220148079784167,1,1,46,46,0,0.6388888888888888,0,0,0.0,0.0,285.9555426915113,success
no-human,no_human,62,30062,reach_target,1,1,0,0,0,0.30424039980978596,3.7,3.7,74,0.008657174850676281,1,1,55,55,0,0.7432432432432432,0,0,0.0,0.0,291.01545220295634,success
no-human,no_human,63,30063,reverse,1,1,0,0,0,0.34450604772061066,2.7,2.7,54,0.004112225863731346,1,1,29,29,0,0.5370370370370371,0,0,0.0,0.0,284.72707133346785,success
no-human,no_human,64,30064,reach_object,1,1,0,0,0,0.3086728109890605,3.15,3.15,63,0.012959925451508227,1,1,45,45,0,0.7142857142857143,0,0,0.0,0.0,279.61150599876794,success
no-human,no_human,65,30065,pause_and_continue,1,1,0,0,0,0.24123477169547117,4.3,4.3,86,0.024156118461991633,1,1,71,71,0,0.8255813953488372,0,0,0.0,0.0,288.45594451645434,success
no-human,no_human,66,30066,pause_and_continue,1,1,0,0,0,0.4110291209782283,2.2,2.2,44,0.01454089685707771,1,1,31,31,0,0.7045454545454546,0,0,0.0,0.0,279.8790744043554,success
no-human,no_human,67,30067,reach_object,1,1,0,0,0,0.21516023663498623,3.45,3.45,69,0.024230746100112298,1,1,56,56,0,0.8115942028985508,0,0,0.0,0.0,292.3648413288179,success
no-human,no_human,68,30068,pause_and_continue,1,1,0,0,0,0.2884138319714692,3.55,3.55,71,0.02558136003933792,1,1,54,54,0,0.7605633802816901,0,0,0.0,0.0,286.0667778075023,success
no-human,no_human,69,30069,cross_workspace,1,1,0,0,0,0.2840732805520412,2.8,2.8,56,0.000610008977585655,1,1,35,35,0,0.625,0,0,0.0,0.0,286.89615621586387,success
no-human,no_human,70,30070,reverse,1,1,0,0,0,0.3867221261360738,2.75,2.75,55,0.005613621249935263,1,1,40,40,0,0.7272727272727273,0,0,0.0,0.0,284.90871215897084,success
no-human,no_human,71,30071,reverse,1,1,0,0,0,0.3710170312249959,2.95,2.95,59,0.006555962781900362,1,1,44,44,0,0.7457627118644068,0,0,0.0,0.0,287.98847728209296,success
no-human,no_human,72,30072,pause_and_continue,1,1,0,0,0,0.2965308600064298,3.9,3.9,78,0.02006689981613665,1,1,60,60,0,0.7692307692307693,0,0,0.0,0.0,285.2870870578815,success
no-human,no_human,73,30073,pause_and_continue,1,1,0,0,0,0.2625843541176548,3.45,3.45,69,0.02449117988105311,1,1,47,47,0,0.6811594202898551,0,0,0.0,0.0,287.4122718363729,success
no-human,no_human,74,30074,reverse,1,1,0,0,0,0.26654822421699276,2.85,2.85,57,0.003246189047915458,1,1,45,45,0,0.7894736842105263,0,0,0.0,0.0,270.2250018110053,success
no-human,no_human,75,30075,reverse,1,1,0,0,0,0.2675117487783091,3.7,3.7,74,0.01815464003290266,1,1,58,58,0,0.7837837837837838,0,0,0.0,0.0,282.8799057350827,success
no-human,no_human,76,30076,reverse,1,1,0,0,0,0.33616887745579704,3.45,3.45,69,0.01622035391884432,1,1,49,49,0,0.7101449275362319,0,0,0.0,0.0,289.28737488765654,success
no-human,no_human,77,30077,reverse,1,1,0,0,0,0.30686869568432507,2.9,2.9,58,0.00922254734498488,1,1,38,38,0,0.6551724137931034,0,0,0.0,0.0,284.9141792828281,success
no-human,no_human,78,30078,cross_workspace,1,1,0,0,0,0.22395751181507792,7.5,7.5,150,0.04288994407892407,1,1,135,135,0,0.9,0,0,0.0,0.0,278.3564814180459,success
no-human,no_human,79,30079,cross_workspace,1,1,0,0,0,0.29877124425531176,3.9,3.9,78,0.04161933226496936,1,0,60,60,0,0.7692307692307693,0,0,0.0,0.0,265.87533419652266,success
no-human,no_human,80,30080,reach_object,1,1,0,0,0,0.28395796344847946,3.3,3.3,66,0.005661181634670361,1,1,41,41,0,0.6212121212121212,0,0,0.0,0.0,289.74544855161696,success
no-human,no_human,81,30081,cross_workspace,1,1,0,0,0,0.25041196720084236,2.9,2.9,58,0.013400931644252474,1,1,39,39,0,0.6724137931034483,0,0,0.0,0.0,280.8153759922472,success
no-human,no_human,82,30082,pause_and_continue,0,0,0,0,0,0.44147356556977424,,7.4,148,0.2949886804591445,1,0,133,133,0,0.8986486486486487,0,0,0.0,0.0,-135.59993624197836,object_lost
no-human,no_human,83,30083,cross_workspace,1,1,0,0,0,0.3186417225416246,2.9,2.9,58,0.03264341000314421,1,1,35,35,0,0.603448275862069,0,0,0.0,0.0,287.2849495291346,success
no-human,no_human,84,30084,reverse,1,1,0,0,0,0.41094477429921167,2.95,2.95,59,0.01173089858181481,1,1,41,41,0,0.6949152542372882,0,0,0.0,0.0,285.54903966622237,success
no-human,no_human,85,30085,reach_object,1,1,0,0,0,0.27413835510468154,3.6,3.6,72,0.012828570405090008,1,1,48,48,0,0.6666666666666666,0,0,0.0,0.0,287.0285169297306,success
no-human,no_human,86,30086,reach_target,1,1,0,0,0,0.3104293668966601,2.55,2.55,51,0.014177229188458623,1,1,41,41,0,0.803921568627451,0,0,0.0,0.0,284.25455867359943,success
no-human,no_human,87,30087,cross_workspace,1,1,0,0,0,0.45794143950963306,2.2,2.2,44,0.010754823265876685,1,1,31,31,0,0.7045454545454546,0,0,0.0,0.0,275.67231607965647,success
no-human,no_human,88,30088,pause_and_continue,1,1,0,0,0,0.4111021721321747,3.65,3.65,73,0.00619315780395017,1,1,63,63,0,0.863013698630137,0,0,0.0,0.0,278.6250323880619,success
no-human,no_human,89,30089,reverse,1,1,0,0,0,0.3150063536253944,2.75,2.75,55,0.007732741080243079,1,1,44,44,0,0.8,0,0,0.0,0.0,285.85184298420535,success
no-human,no_human,90,30090,reach_object,1,1,0,0,0,0.3260788903246196,2.7,2.7,54,0.018686193689784036,1,1,33,33,0,0.6111111111111112,0,0,0.0,0.0,284.65817415977835,success
no-human,no_human,91,30091,pause_and_continue,1,1,0,0,0,0.288166440491724,3.55,3.55,71,0.024406713594748695,1,1,53,53,0,0.7464788732394366,0,0,0.0,0.0,291.2760970513924,success
no-human,no_human,92,30092,reach_target,1,1,0,0,0,0.3527582252426893,3.75,3.75,75,0.021593278878873464,1,1,57,57,0,0.76,0,0,0.0,0.0,282.916497947143,success
no-human,no_human,93,30093,reverse,1,1,0,0,0,0.4497926244901129,2.6,2.6,52,0.009860836484346923,1,1,42,42,0,0.8076923076923077,0,0,0.0,0.0,283.1703427302907,success
no-human,no_human,94,30094,reach_object,1,1,0,0,0,0.2403508735353054,3.35,3.35,67,0.02839132564497296,1,1,61,61,0,0.9104477611940298,0,0,0.0,0.0,282.0980057203346,success
no-human,no_human,95,30095,pause_and_continue,1,1,0,0,0,0.20909232852925913,3.3,3.3,66,0.03062256043432282,1,1,47,47,0,0.7121212121212122,0,0,0.0,0.0,283.66908468670874,success
no-human,no_human,96,30096,reverse,1,1,0,0,0,0.3018278572665726,3.95,3.95,79,0.018043151139743526,1,1,62,62,0,0.7848101265822784,0,0,0.0,0.0,290.2838244198138,success
no-human,no_human,97,30097,cross_workspace,1,1,0,0,0,0.2884766781288668,3.3,3.3,66,0.026137323300739562,1,1,52,52,0,0.7878787878787878,0,0,0.0,0.0,286.0383366743366,success
no-human,no_human,98,30098,reverse,1,1,0,0,0,0.3490000124263191,3.6,3.6,72,0.010754200391737079,1,1,55,55,0,0.7638888888888888,0,0,0.0,0.0,288.19762154194086,success
no-human,no_human,99,30099,reverse,1,1,0,0,0,0.43687300532642503,3.2,3.2,64,0.008183948648842898,1,1,58,58,0,0.90625,0,0,0.0,0.0,283.63278677725157,success
no-human,no_human,100,30100,reverse,1,1,0,0,0,0.31856187615215836,4.15,4.15,83,0.0046843915505074595,1,1,74,74,0,0.891566265060241,0,0,0.0,0.0,285.9371895974128,success
no-human,no_human,101,30101,reach_target,1,1,0,0,0,0.3082352189052744,3.2,3.2,64,0.008655819979432449,1,1,51,51,0,0.796875,0,0,0.0,0.0,289.17892190619955,success
no-human,no_human,102,30102,cross_workspace,1,1,0,0,0,0.33275023817465565,2.85,2.85,57,0.03073777884775249,1,1,55,55,0,0.9649122807017544,0,0,0.0,0.0,281.2984549459911,success
no-human,no_human,103,30103,reverse,1,1,0,0,0,0.28912936939164824,2.9,2.9,58,0.017423186846557356,1,1,36,36,0,0.6206896551724138,0,0,0.0,0.0,280.0214646934809,success
no-human,no_human,104,30104,reach_target,1,1,0,0,0,0.37580169420159726,2.75,2.75,55,0.016492801790251598,1,1,46,46,0,0.8363636363636363,0,0,0.0,0.0,279.30895623722006,success
no-human,no_human,105,30105,pause_and_continue,1,1,0,0,0,0.3306569621434957,3.65,3.65,73,0.012399427228498596,1,1,36,36,0,0.4931506849315068,0,0,0.0,0.0,289.63916242728413,success
no-human,no_human,106,30106,reverse,1,1,0,0,0,0.35696072503125353,3.2,3.2,64,0.015248868193785792,1,1,45,45,0,0.703125,0,0,0.0,0.0,286.4335772144304,success
no-human,no_human,107,30107,reach_object,1,1,0,0,0,0.4137680260491011,3.65,3.65,73,0.024117041381826253,1,1,56,56,0,0.7671232876712328,0,0,0.0,0.0,281.224286044509,success
no-human,no_human,108,30108,reach_object,1,1,0,0,0,0.2473102799237504,3.2,3.2,64,0.022943655036323948,1,1,47,47,0,0.734375,0,0,0.0,0.0,288.2004388547321,success
no-human,no_human,109,30109,reach_object,1,1,0,0,0,0.34514124375225796,3.15,3.15,63,0.03981289664790219,1,1,47,47,0,0.746031746031746,0,0,0.0,0.0,287.0602199218876,success
no-human,no_human,110,30110,cross_workspace,1,1,0,0,0,0.2749354069324855,6.7,6.7,134,0.0367831658203818,1,1,115,115,0,0.8582089552238806,0,0,0.0,0.0,275.44082144273534,success
no-human,no_human,111,30111,cross_workspace,1,1,0,0,0,0.3186305449328427,2.3,2.3,46,0.0426437657433859,1,1,34,34,0,0.7391304347826086,0,0,0.0,0.0,278.73796119979437,success
no-human,no_human,112,30112,reverse,1,1,0,0,0,0.38554484815554896,3.65,3.65,73,0.021395178899889362,1,1,51,51,0,0.6986301369863014,0,0,0.0,0.0,286.71605775851776,success
no-human,no_human,113,30113,pause_and_continue,1,1,0,0,0,0.3352602542991797,3.1,3.1,62,0.004747022647864358,1,1,29,29,0,0.46774193548387094,0,0,0.0,0.0,287.2844510267736,success
no-human,no_human,114,30114,reach_target,0,0,0,0,0,0.505076031278316,,10.0,200,0.1874633419897569,1,0,192,192,0,0.96,0,0,0.0,0.0,-15.947636061576675,timeout
no-human,no_human,115,30115,reverse,1,1,0,0,0,0.36734287877860494,3.0,3.0,60,0.00983148823374009,1,1,42,42,0,0.7,0,0,0.0,0.0,283.05525597378045,success
no-human,no_human,116,30116,reverse,1,1,0,0,0,0.2399441083413277,3.4,3.4,68,0.03492865851159799,1,1,49,49,0,0.7205882352941176,0,0,0.0,0.0,288.83856005682355,success
no-human,no_human,117,30117,reach_target,1,1,0,0,0,0.4351336085473806,2.75,2.75,55,0.02424682480488781,1,1,42,42,0,0.7636363636363637,0,0,0.0,0.0,282.20134514667114,success
no-human,no_human,118,30118,pause_and_continue,1,1,0,0,0,0.3723979210079741,3.3,3.3,66,0.01467987138026341,1,1,52,52,0,0.7878787878787878,0,0,0.0,0.0,285.1943519208177,success
no-human,no_human,119,30119,reverse,1,1,0,0,0,0.28216230857818214,3.8,3.8,76,0.031295857379467266,1,1,59,59,0,0.7763157894736842,0,0,0.0,0.0,263.1093134006008,success
no-human,no_human,120,30120,reach_object,1,1,0,0,0,0.2617225458979995,3.65,3.65,73,0.02044943004617984,1,1,48,48,0,0.6575342465753424,0,0,0.0,0.0,283.4036546954028,success
no-human,no_human,121,30121,reverse,1,1,0,0,0,0.40556047127102823,2.95,2.95,59,0.0042201371540378525,1,1,43,43,0,0.7288135593220338,0,0,0.0,0.0,283.42203975771895,success
no-human,no_human,122,30122,reach_object,1,1,0,0,0,0.22023897808986262,4.1,4.1,82,0.014905043714623112,1,1,60,60,0,0.7317073170731707,0,0,0.0,0.0,288.4040855042694,success
no-human,no_human,123,30123,reach_target,1,1,0,0,0,0.2798751293317904,3.5,3.5,70,0.011441506282327952,1,1,44,44,0,0.6285714285714286,0,0,0.0,0.0,289.0788379005242,success
no-human,no_human,124,30124,reach_object,1,1,0,0,0,0.34877299216387203,3.2,3.2,64,0.006869282333319107,1,1,41,41,0,0.640625,0,0,0.0,0.0,286.00716494526364,success
no-human,no_human,125,30125,reverse,1,1,0,0,0,0.26741202648069295,3.6,3.6,72,0.023831814239300003,1,1,48,48,0,0.6666666666666666,0,0,0.0,0.0,287.5382995804647,success
no-human,no_human,126,30126,reverse,1,1,0,0,0,0.3005300389693345,2.8,2.8,56,0.011407865856635486,1,1,45,45,0,0.8035714285714286,0,0,0.0,0.0,283.61097766333984,success
no-human,no_human,127,30127,reach_target,1,1,0,0,0,0.3640404419984863,2.95,2.95,59,0.008711605044798326,1,1,44,44,0,0.7457627118644068,0,0,0.0,0.0,283.43327763444034,success
no-human,no_human,128,30128,pause_and_continue,1,1,0,0,0,0.30684849617264587,2.6,2.6,52,0.01762548433479099,1,1,40,40,0,0.7692307692307693,0,0,0.0,0.0,278.75523135864546,success
no-human,no_human,129,30129,cross_workspace,0,0,0,0,0,0.28872803704642447,,10.0,200,0.21253862544071353,0,0,196,196,0,0.98,0,0,0.0,0.0,-11.890343527218931,timeout
no-human,no_human,130,30130,reverse,1,1,0,0,0,0.23382024497034867,2.75,2.75,55,0.003885173428939172,1,1,42,42,0,0.7636363636363637,0,0,0.0,0.0,284.0016795808806,success
no-human,no_human,131,30131,reverse,1,1,0,0,0,0.38378115355427767,4.25,4.25,85,0.01438106599159702,1,1,74,74,0,0.8705882352941177,0,0,0.0,0.0,288.73221765139715,success
no-human,no_human,132,30132,cross_workspace,1,1,0,0,0,0.3197161476812501,4.2,4.2,84,0.006200232484259921,1,1,59,59,0,0.7023809523809523,0,0,0.0,0.0,291.7621436917387,success
no-human,no_human,133,30133,reach_object,1,1,0,0,0,0.386178899951638,3.15,3.15,63,0.009964820974128295,1,1,45,45,0,0.7142857142857143,0,0,0.0,0.0,285.0696018959572,success
no-human,no_human,134,30134,pause_and_continue,1,1,0,0,0,0.40217885903985917,4.0,4.0,80,0.011396555470425458,1,1,71,71,0,0.8875,0,0,0.0,0.0,271.7334160357271,success
no-human,no_human,135,30135,reach_object,1,1,0,0,0,0.41710766465808596,3.35,3.35,67,0.006890912087948239,1,1,52,52,0,0.7761194029850746,0,0,0.0,0.0,284.1689926372659,success
no-human,no_human,136,30136,reach_target,1,1,0,0,0,0.36645810246015714,4.15,4.15,83,0.013106536710318487,1,1,64,64,0,0.7710843373493976,0,0,0.0,0.0,279.8928176381998,success
no-human,no_human,137,30137,cross_workspace,1,1,0,0,0,0.29328788055448596,3.4,3.4,68,0.01603468608408312,1,1,52,52,0,0.7647058823529411,0,0,0.0,0.0,289.1100176683148,success
no-human,no_human,138,30138,reach_target,1,1,0,0,0,0.3601291477461578,2.85,2.85,57,0.005649695840544111,1,1,49,49,0,0.8596491228070176,0,0,0.0,0.0,282.1029590377533,success
no-human,no_human,139,30139,pause_and_continue,1,1,0,0,0,0.2840615316773022,3.55,3.55,71,0.02109602857236129,1,1,54,54,0,0.7605633802816901,0,0,0.0,0.0,288.802794886598,success
no-human,no_human,140,30140,reach_object,1,1,0,0,0,0.23889984041339604,3.25,3.25,65,0.028956795453922206,1,1,54,54,0,0.8307692307692308,0,0,0.0,0.0,284.83007776334637,success
no-human,no_human,141,30141,reach_target,1,1,0,0,0,0.3882644631368313,2.7,2.7,54,0.010018827657301716,1,1,37,37,0,0.6851851851851852,0,0,0.0,0.0,280.4652645130283,success
no-human,no_human,142,30142,reverse,1,1,0,0,0,0.29158356245135997,3.8,3.8,76,0.01700205196879754,1,1,68,68,0,0.8947368421052632,0,0,0.0,0.0,289.6581358661655,success
no-human,no_human,143,30143,cross_workspace,1,1,0,0,0,0.2931465024104769,4.7,4.7,94,0.029521237443480085,1,1,70,70,0,0.7446808510638298,0,0,0.0,0.0,285.5718998887795,success
no-human,no_human,144,30144,cross_workspace,1,1,0,0,0,0.33777665561229064,3.4,3.4,68,0.02249520158379439,1,1,51,51,0,0.75,0,0,0.0,0.0,286.73473832223146,success
no-human,no_human,145,30145,reverse,1,1,0,0,0,0.30850779669287304,3.25,3.25,65,0.00960738557292462,1,1,48,48,0,0.7384615384615385,0,0,0.0,0.0,289.54360468694813,success
no-human,no_human,146,30146,pause_and_continue,1,1,0,0,0,0.2925334457605546,3.1,3.1,62,0.013133794853042427,1,1,45,45,0,0.7258064516129032,0,0,0.0,0.0,287.9939974060091,success
no-human,no_human,147,30147,reach_target,1,1,0,0,0,0.43313347903616806,3.1,3.1,62,0.009204543346767442,1,1,39,39,0,0.6290322580645161,0,0,0.0,0.0,286.89816402737995,success
no-human,no_human,148,30148,reach_object,1,1,0,0,0,0.2833687583528356,3.5,3.5,70,0.02920095872088197,1,1,47,47,0,0.6714285714285714,0,0,0.0,0.0,282.5402036858386,success
no-human,no_human,149,30149,pause_and_continue,1,1,0,0,0,0.1894783266198143,4.05,4.05,81,0.004109339023982692,1,1,57,57,0,0.7037037037037037,0,0,0.0,0.0,291.4725371814984,success
no-human,no_human,150,30150,reach_target,0,0,0,0,0,0.45401395744006967,,10.0,200,0.3025188997512299,1,0,183,183,0,0.915,0,0,0.0,0.0,-3.507944209208933,timeout
no-human,no_human,151,30151,cross_workspace,1,1,0,0,0,0.258792741984882,2.6,2.6,52,0.02310674967966035,1,1,43,43,0,0.8269230769230769,0,0,0.0,0.0,283.941557619427,success
no-human,no_human,152,30152,reach_target,1,1,0,0,0,0.2860463023118013,3.4,3.4,68,0.019616233306251535,1,1,52,52,0,0.7647058823529411,0,0,0.0,0.0,273.79627993617686,success
no-human,no_human,153,30153,cross_workspace,0,0,0,0,0,0.2060142582043081,,10.0,200,0.3420160277258055,0,0,191,191,0,0.955,0,0,0.0,0.0,-1.7457708090071065,timeout
no-human,no_human,154,30154,reach_object,1,1,0,0,0,0.3763859930872995,2.75,2.75,55,0.019188965703673896,1,1,43,43,0,0.7818181818181819,0,0,0.0,0.0,282.01633448516316,success
no-human,no_human,155,30155,reverse,1,1,0,0,0,0.4256582795403966,2.35,2.35,47,0.011578589222449153,1,1,36,36,0,0.7659574468085106,0,0,0.0,0.0,280.9838424757471,success
no-human,no_human,156,30156,cross_workspace,1,1,0,0,0,0.2650221956930773,3.65,3.65,73,0.01937123196693356,1,1,49,49,0,0.6712328767123288,0,0,0.0,0.0,286.39357396505244,success
no-human,no_human,157,30157,reverse,1,1,0,0,0,0.4458052207268459,2.7,2.7,54,0.04469245071354858,1,1,42,42,0,0.7777777777777778,0,0,0.0,0.0,282.421760197275,success
no-human,no_human,158,30158,reverse,1,1,0,0,0,0.24095714252648667,4.75,4.75,95,0.012898276098954569,1,1,65,65,0,0.6842105263157895,0,0,0.0,0.0,283.33034564914834,success
no-human,no_human,159,30159,pause_and_continue,1,1,0,0,0,0.3216329263033545,3.75,3.75,75,0.017989616759784256,1,1,59,59,0,0.7866666666666666,0,0,0.0,0.0,285.4800082541451,success
no-human,no_human,160,30160,reverse,1,1,0,0,0,0.3002957768276319,3.55,3.55,71,0.014114114109803606,1,1,55,55,0,0.7746478873239436,0,0,0.0,0.0,293.709526938665,success
no-human,no_human,161,30161,reach_target,1,1,0,0,0,0.26194065439695413,3.7,3.7,74,0.006231485979756123,1,1,59,59,0,0.7972972972972973,0,0,0.0,0.0,290.1831014254535,success
no-human,no_human,162,30162,reach_target,1,1,0,0,0,0.3808688339401313,3.35,3.35,67,0.01391550315934293,1,1,58,58,0,0.8656716417910447,0,0,0.0,0.0,281.7226379842165,success
no-human,no_human,163,30163,pause_and_continue,0,0,0,0,0,0.30624750488010544,,10.0,200,0.3345217476722544,1,0,190,190,0,0.95,0,0,0.0,0.0,-0.7706375088896245,timeout
no-human,no_human,164,30164,cross_workspace,1,1,0,0,0,0.31618359326427664,3.4,3.4,68,0.022420418402184214,1,1,50,50,0,0.7352941176470589,0,0,0.0,0.0,287.87155325347317,success
no-human,no_human,165,30165,pause_and_continue,1,1,0,0,0,0.22300263920032057,3.0,3.0,60,0.02043443572571738,1,1,40,40,0,0.6666666666666666,0,0,0.0,0.0,286.87265034959006,success
no-human,no_human,166,30166,reverse,0,0,0,0,0,0.2022500162730469,,10.0,200,0.05105917138238926,1,0,182,182,0,0.91,0,0,0.0,0.0,-28.4134183256223,timeout
no-human,no_human,167,30167,reach_target,1,1,0,0,0,0.32709841068854606,3.25,3.25,65,0.017573587316220468,1,1,51,51,0,0.7846153846153846,0,0,0.0,0.0,288.193455603559,success
no-human,no_human,168,30168,reverse,1,1,0,0,0,0.29029786904069677,2.75,2.75,55,0.008857882159146372,1,1,38,38,0,0.6909090909090909,0,0,0.0,0.0,286.2643778920441,success
no-human,no_human,169,30169,pause_and_continue,1,1,0,0,0,0.28739461133748667,3.35,3.35,67,0.005852148476754613,1,1,42,42,0,0.6268656716417911,0,0,0.0,0.0,280.4394076841989,success
no-human,no_human,170,30170,reach_target,1,1,0,0,0,0.37726899938315606,3.0,3.0,60,0.01957537166848552,1,1,37,37,0,0.6166666666666667,0,0,0.0,0.0,277.8405192140786,success
no-human,no_human,171,30171,reach_object,1,1,0,0,0,0.3530009865907114,3.6,3.6,72,0.013608783877009471,1,1,43,43,0,0.5972222222222222,0,0,0.0,0.0,290.2111755393057,success
no-human,no_human,172,30172,cross_workspace,1,1,0,0,0,0.3349584488138049,3.0,3.0,60,0.003923930279314979,1,1,47,47,0,0.7833333333333333,0,0,0.0,0.0,281.62525761042,success
no-human,no_human,173,30173,reach_target,1,1,0,0,0,0.3604878034227429,2.4,2.4,48,0.007051938786142168,1,1,39,39,0,0.8125,0,0,0.0,0.0,279.03637112319836,success
no-human,no_human,174,30174,cross_workspace,1,1,0,0,0,0.3700320973645267,3.25,3.25,65,0.03342626465726532,1,1,53,53,0,0.8153846153846154,0,0,0.0,0.0,283.0088559455668,success
no-human,no_human,175,30175,reach_object,1,1,0,0,0,0.36650666893259887,2.85,2.85,57,0.0229057640560306,1,1,43,43,0,0.7543859649122807,0,0,0.0,0.0,275.8151115483439,success
no-human,no_human,176,30176,pause_and_continue,1,1,0,0,0,0.408857279571304,2.9,2.9,58,0.022010727430755953,1,1,39,39,0,0.6724137931034483,0,0,0.0,0.0,283.0341877259079,success
no-human,no_human,177,30177,reverse,1,1,0,0,0,0.39630747202774685,2.4,2.4,48,0.013933020694591238,1,1,32,32,0,0.6666666666666666,0,0,0.0,0.0,279.930210712363,success
no-human,no_human,178,30178,reach_target,1,1,0,0,0,0.330297602848188,3.15,3.15,63,0.025021914730282476,1,1,49,49,0,0.7777777777777778,0,0,0.0,0.0,281.2512281227487,success
no-human,no_human,179,30179,reach_object,1,1,0,0,0,0.28295021510466,4.55,4.55,91,0.015170196809282875,1,1,67,67,0,0.7362637362637363,0,0,0.0,0.0,295.34503093729944,success
no-human,no_human,180,30180,reverse,1,1,0,0,0,0.36378228732435625,3.3,3.3,66,0.03271744156210918,1,1,49,49,0,0.7424242424242424,0,0,0.0,0.0,284.4661528632986,success
no-human,no_human,181,30181,pause_and_continue,1,1,0,0,0,0.29645528651639086,3.3,3.3,66,0.012127124690045636,1,1,51,51,0,0.7727272727272727,0,0,0.0,0.0,289.9402472865173,success
no-human,no_human,182,30182,reverse,1,1,0,0,0,0.32520495373790226,2.75,2.75,55,0.0053571636133744795,1,1,43,43,0,0.7818181818181819,0,0,0.0,0.0,278.8807405979675,success
no-human,no_human,183,30183,reverse,1,1,0,0,0,0.3489023958271173,2.65,2.65,53,0.009931097230049379,1,1,45,45,0,0.8490566037735849,0,0,0.0,0.0,282.11828626652334,success
no-human,no_human,184,30184,reach_target,1,1,0,0,0,0.35513169858673277,3.05,3.05,61,0.005323141293628077,1,1,39,39,0,0.639344262295082,0,0,0.0,0.0,282.00064512694684,success
no-human,no_human,185,30185,reach_target,1,1,0,0,0,0.317450022275503,4.05,4.05,81,0.02491467651917008,1,1,65,65,0,0.8024691358024691,0,0,0.0,0.0,280.1677947428118,success
no-human,no_human,186,30186,cross_workspace,1,1,0,0,0,0.3870197989022912,2.65,2.65,53,0.01065592915837014,1,1,45,45,0,0.8490566037735849,0,0,0.0,0.0,277.7152025216754,success
no-human,no_human,187,30187,reach_object,0,0,0,0,0,0.17514309817312101,,7.4,148,0.25618966699664214,1,0,118,118,0,0.7972972972972973,0,0,0.0,0.0,-189.00454090585507,object_lost
no-human,no_human,188,30188,cross_workspace,1,1,0,0,0,0.41422003816913544,2.95,2.95,59,0.017655535407059803,1,1,47,47,0,0.7966101694915254,0,0,0.0,0.0,280.8832184810462,success
no-human,no_human,189,30189,pause_and_continue,1,1,0,0,0,0.2464722886382215,3.9,3.9,78,0.024096314229805238,1,1,61,61,0,0.782051282051282,0,0,0.0,0.0,288.1193167786959,success
no-human,no_human,190,30190,reach_object,1,1,0,0,0,0.4460942625024041,1.85,1.85,37,0.010451359736366584,1,1,29,29,0,0.7837837837837838,0,0,0.0,0.0,277.379009503039,success
no-human,no_human,191,30191,reach_object,1,1,0,0,0,0.3881033195099205,3.5,3.5,70,0.0182338325743952,1,1,55,55,0,0.7857142857142857,0,0,0.0,0.0,285.3585900762447,success
no-human,no_human,192,30192,reverse,1,1,0,0,0,0.3922016433802973,3.1,3.1,62,0.007519089114966686,1,1,41,41,0,0.6612903225806451,0,0,0.0,0.0,286.59096246377203,success
no-human,no_human,193,30193,cross_workspace,1,1,0,0,0,0.2790981651989384,2.5,2.5,50,0.012330957725261453,1,1,36,36,0,0.72,0,0,0.0,0.0,283.0903714287093,success
no-human,no_human,194,30194,pause_and_continue,1,1,0,0,0,0.38953676307711405,2.5,2.5,50,0.010946479392962866,1,1,33,33,0,0.66,0,0,0.0,0.0,281.93999304499664,success
no-human,no_human,195,30195,reach_target,1,1,0,0,0,0.40932469587022313,3.55,3.55,71,0.027733546073524684,1,0,63,63,0,0.8873239436619719,0,0,0.0,0.0,254.01600497959365,success
no-human,no_human,196,30196,reach_object,1,1,0,0,0,0.4092807463270674,3.2,3.2,64,0.01553968136821428,1,1,35,35,0,0.546875,0,0,0.0,0.0,285.97790552658785,success
no-human,no_human,197,30197,reverse,1,1,0,0,0,0.38658745226040125,3.05,3.05,61,0.006893337995371327,1,1,44,44,0,0.7213114754098361,0,0,0.0,0.0,287.2381675268727,success
no-human,no_human,198,30198,reach_target,1,1,0,0,0,0.24591112192598918,3.4,3.4,68,0.013525860784475515,1,1,51,51,0,0.75,0,0,0.0,0.0,289.92781338745135,success
no-human,no_human,199,30199,cross_workspace,1,1,0,0,0,0.33589322200452143,2.95,2.95,59,0.005024291628571281,1,1,37,37,0,0.6271186440677966,0,0,0.0,0.0,286.09884668051694,success
