#{"t_start": 1785575337.7737398, "env_id": "None"}
r,l,t,is_success
270.796962,99,23.961878,True
276.688775,40,31.769703,True
260.803222,21,35.807246,True
275.258511,69,49.104313,True
278.320707,42,57.396717,True
280.74096,114,80.149345,True
268.639801,72,94.377944,True
272.687759,28,99.816987,True
242.568747,57,110.920585,True
260.072507,21,114.977106,True
264.331511,16,118.088276,True
273.180482,34,124.628878,True
276.488589,33,131.084686,True
281.229723,55,141.956826,True
274.398933,34,148.78413,True
283.354305,54,159.232527,True
274.819359,26,164.264216,True
288.275883,56,175.173388,True
290.991912,78,190.378229,True
289.419011,86,207.805989,True
55.204802,70,221.942283,False
283.950602,55,232.982298,True
274.131983,67,246.312249,True
276.446291,30,252.462716,True
284.801364,53,263.369297,True
257.845027,24,268.273688,True
288.030312,61,280.398053,True
277.820068,35,287.30456,True
288.619868,61,299.16974,True
287.5662,62,311.629705,True
286.303391,56,322.682574,True
263.4599,18,326.242973,True
272.837923,35,333.188163,True
258.01451,20,359.390878,True
12.253921,200,399.698011,False
273.765829,33,406.032444,True
268.190705,49,415.745663,True
285.030597,63,427.988112,True
280.171813,48,437.509063,True
270.048902,38,445.226469,True
252.094306,76,460.602533,True
287.372234,63,472.967212,True
276.824273,71,486.920881,True
274.519981,32,493.368573,True
288.305304,61,505.451472,True
261.02725,19,509.271489,True
284.919223,52,519.597549,True
286.594854,53,530.040688,True
280.542354,60,542.060124,True
268.40488,59,553.616395,True
265.861479,51,563.385218,True
-141.192827,97,582.285395,False
285.63564,65,595.00743,True
274.941155,39,602.634447,True
261.740886,19,606.362248,True
262.968984,17,609.812367,True
273.946331,83,626.079712,True
262.727601,32,632.315581,True
260.155545,17,635.604403,True
19.08646,120,659.028829,False
261.21554,13,661.564914,True
287.720236,63,673.803224,True
277.498249,47,682.934752,True
278.35773,37,711.944708,True
285.769206,57,722.912126,True
277.923097,39,730.417789,True
270.17871,25,735.310218,True
263.365049,15,738.3056,True
273.726994,94,756.72701,True
268.284844,17,760.024699,True
259.73891,19,763.820686,True
272.245384,27,769.464108,True
260.234461,41,777.425557,True
-13.394388,200,816.561666,False
261.153051,15,819.52245,True
282.125523,54,830.068043,True
288.270827,57,841.461223,True
270.888664,38,849.083118,True
257.732209,14,851.874743,True
272.850166,32,858.244511,True
269.258225,35,865.255954,True
285.63047,56,876.337038,True
260.172362,16,879.452491,True
268.471764,53,889.750266,True
285.478939,67,902.848655,True
269.697692,25,907.845723,True
272.469091,25,912.854677,True
282.420375,58,924.38007,True
287.384889,61,936.482943,True
265.12639,149,965.874972,True
282.649515,59,977.550943,True
271.798381,45,986.376145,True
276.728834,26,991.397767,True
263.604807,21,995.509049,True
277.217746,36,1002.487195,True
283.768206,60,1014.233591,True
270.746906,29,1019.830306,True
-182.335253,97,1067.060699,False
261.052498,20,1070.927631,True
52.261584,200,1109.994961,False
273.638779,27,1115.349774,True
280.850268,62,1127.44113,True
278.355981,54,1137.907872,True
-12.801718,200,1176.941585,False
251.78903,96,1196.225212,True
279.492811,61,1208.359874,True
263.525445,35,1215.365054,True
276.696259,46,1224.610819,True
269.198357,24,1229.366923,True
277.10732,43,1237.89217,True
276.489423,90,1255.496908,True
281.885997,49,1265.084522,True
285.24878,58,1276.293471,True
277.840176,38,1283.767982,True
280.348953,47,1292.979506,True
280.925905,44,1301.911671,True
287.049612,94,1320.027061,True
271.693441,52,1330.104805,True
265.477553,161,1361.512674,True
276.861144,36,1368.538488,True
285.524882,55,1379.354321,True
286.007002,71,1415.076276,True
272.862738,29,1420.743882,True
54.841413,200,1460.148977,False
285.208627,60,1471.912867,True
269.731971,48,1481.463871,True
283.535332,66,1494.464813,True
260.83112,14,1497.139891,True
270.793976,54,1507.70347,True
274.574034,33,1514.23214,True
264.674133,41,1522.284666,True
269.526187,25,1527.313791,True
289.716386,70,1541.048026,True
288.16882,66,1553.799846,True
278.835577,53,1564.049568,True
290.847151,84,1580.375877,True
287.299608,70,1593.778993,True
54.261953,200,1633.250037,False
-9.863125,200,1673.042237,False
291.010899,62,1685.07448,True
284.123498,68,1698.236865,True
43.689315,200,1737.369059,False
272.76107,41,1766.747138,True
287.384298,64,1779.132751,True
289.177768,69,1792.422727,True
275.309702,44,1800.904425,True
276.609733,38,1808.199392,True
281.075959,55,1818.777641,True
295.14019,168,1851.270704,True
-6.441411,200,1890.045745,False
273.584474,32,1896.375448,True
276.996589,32,1902.738377,True
276.351185,49,1912.408952,True
280.671953,32,1918.827752,True
273.530994,50,1928.553484,True
278.503175,44,1939.05146,True
278.601651,45,1947.79547,True
284.800657,58,1959.202189,True
282.098075,58,1970.73702,True
283.965476,55,1981.54412,True
283.794258,56,1992.619003,True
281.382695,97,2011.8839,True
285.020384,60,2023.732409,True
278.867179,50,2033.345348,True
281.096751,65,2045.793141,True
282.213678,58,2057.055334,True
-158.685761,60,2068.801897,False
280.41275,62,2082.231172,True
282.457401,59,2122.105558,True
272.540688,31,2128.104598,True
281.820841,48,2137.257836,True
272.739348,24,2141.867396,True
274.589118,25,2146.829939,True
273.281432,40,2154.549437,True
279.041714,44,2163.042141,True
283.63908,70,2176.624331,True
277.314766,38,2183.8715,True
274.799217,40,2191.61424,True
276.976795,30,2197.436293,True
288.69696,64,2210.188757,True
286.515676,55,2221.483478,True
281.253821,56,2232.657124,True
288.640156,68,2246.087957,True
71.574125,200,2286.542258,False
272.819171,30,2292.813709,True
275.464198,40,2301.070235,True
287.116203,71,2315.650575,True
276.67098,91,2333.576463,True
273.003349,33,2340.00985,True
273.377388,42,2348.207744,True
260.441597,14,2350.929994,True
282.131058,48,2360.57773,True
283.173269,63,2373.449582,True
284.578563,64,2386.183318,True
289.062222,82,2401.854436,True
14.846091,200,2440.940587,False
258.82452,15,2443.820632,True
279.707796,72,2477.974563,True
278.681361,39,2485.709276,True
274.158812,43,2494.331905,True
278.312159,63,2506.680499,True
258.993404,15,2509.591317,True
287.392405,62,2521.695265,True
275.870307,28,2527.057849,True
272.767455,41,2534.949227,True
258.271517,16,2538.069272,True
278.266725,55,2548.641574,True
281.110822,54,2559.186134,True
281.552484,58,2570.668128,True
276.459471,39,2578.262391,True
290.519927,67,2591.350232,True
270.641172,36,2598.435853,True
284.300098,65,2610.984355,True
272.478684,29,2616.52477,True
282.980446,89,2633.570318,True
283.016225,56,2644.35393,True
271.771366,40,2652.222721,True
269.96438,33,2658.615972,True
285.502264,65,2671.253882,True
273.018531,30,2677.15555,True
292.95094,68,2690.305479,True
288.394112,80,2705.63917,True
59.755019,200,2744.307405,False
288.530356,89,2761.497047,True
279.127662,59,2772.851142,True
272.805096,32,2778.991776,True
67.970472,120,2820.56095,False
274.03531,43,2828.748581,True
266.258415,43,2836.948977,True
283.969894,71,2850.605265,True
261.357189,17,2853.893341,True
281.713594,48,2863.302583,True
276.59064,43,2871.624301,True
289.080634,67,2884.916885,True
277.391922,39,2892.506077,True
285.909049,60,2905.044916,True
281.274154,51,2915.267741,True
276.180074,36,2922.470263,True
278.704877,68,2935.708799,True
288.314645,61,2947.630132,True
285.564023,65,2960.324433,True
262.222534,16,2963.424604,True
278.166855,51,2973.32091,True
268.861874,40,2981.057669,True
287.37028,68,2994.380357,True
280.401924,46,3003.560284,True
263.02226,34,3010.503931,True
291.903744,79,3025.89827,True
16.549023,200,3064.836483,False
285.700778,64,3077.361121,True
287.587724,73,3091.427206,True
282.644292,53,3101.543631,True
263.112433,15,3104.467058,True
284.946261,56,3115.411865,True
288.163882,63,3127.575483,True
259.545152,25,3132.459469,True
260.319077,13,3151.42892,True
278.435741,44,3159.95439,True
261.383888,16,3163.115185,True
-27.686132,200,3201.608456,False
275.654667,34,3208.12003,True
259.802171,29,3213.625573,True
271.509859,30,3219.383999,True
287.001242,61,3230.90831,True
279.715146,38,3238.161733,True
261.435403,13,3240.681024,True
268.010393,24,3245.361884,True
277.774636,56,3256.446936,True
269.489939,32,3262.878764,True
287.942474,74,3277.238014,True
273.588598,41,3285.460477,True
277.072918,54,3296.358224,True
260.081129,23,3300.910982,True
275.780451,37,3308.115081,True
265.657698,13,3310.673913,True
289.348784,68,3323.890827,True
277.396487,42,3332.239283,True
269.033939,65,3345.279048,True
-8.296759,200,3384.482944,False
276.907643,48,3393.735111,True
7.972811,200,3432.903077,False
274.241623,29,3438.67541,True
282.659853,53,3449.055717,True
276.097391,37,3456.222814,True
261.030205,16,3459.348184,True
272.36384,43,3467.622433,True
288.640843,63,3497.294481,True
271.428299,30,3503.227797,True
279.274849,44,3511.939685,True
272.969371,35,3518.826669,True
291.716041,68,3532.133452,True
271.51078,30,3537.965164,True
278.742687,40,3545.690948,True
288.65256,55,3556.572132,True
265.033726,114,3579.092594,True
280.950977,62,3591.335889,True
288.152989,68,3604.808983,True
276.624146,41,3612.930896,True
273.749954,35,3619.807262,True
261.632178,31,3625.862782,True
277.273287,37,3633.082894,True
282.195377,52,3643.3029,True
287.400645,63,3655.464713,True
282.931659,58,3667.203604,True
280.660141,58,3679.306707,True
287.198418,70,3693.50747,True
261.253354,14,3696.460196,True
265.059224,14,3699.196487,True
281.924658,57,3710.330396,True
273.846542,36,3717.438076,True
288.065396,62,8019.774224,True
288.006195,64,8039.485578,True
272.779862,36,8046.395087,True
-2.84459,200,8084.770753,False
278.14239,63,8097.789384,True
287.479413,67,8111.235659,True
290.742743,71,8144.795357,True
281.391181,51,8155.521549,True
275.052665,52,8166.239606,True
287.753163,60,8178.280087,True
258.467972,16,8181.446195,True
268.974763,171,8215.154591,True
261.733271,15,8218.067018,True
268.862426,81,8234.131235,True
283.661859,65,8247.096865,True
273.41673,28,8252.717682,True
271.332534,29,8258.526529,True
276.450076,42,8266.745151,True
280.244762,51,8276.564347,True
285.248398,103,8296.617975,True
282.050823,63,8308.907,True
277.358982,42,8317.126611,True
290.898545,65,8330.506512,True
286.386494,60,8342.513826,True
275.620839,50,8352.536733,True
283.107318,60,8364.537573,True
273.280333,46,8373.778924,True
270.680317,25,8379.283139,True
270.439688,29,8385.090704,True
283.505403,55,8395.875041,True
274.309812,40,8403.733456,True
289.201482,67,8416.875463,True
262.488635,15,8419.841076,True
290.338432,59,8431.850351,True
270.548246,32,8438.243257,True
271.774197,30,8444.53497,True
289.691062,76,8459.815986,True
260.345827,56,8486.94819,True
282.614606,52,8497.317764,True
288.444733,60,8509.135305,True
273.323823,30,8514.959178,True
270.200913,29,8520.599625,True
279.30205,44,8529.071747,True
276.980869,53,8539.283088,True
284.876731,87,8556.434789,True
279.346662,40,8564.147022,True
268.127752,21,8568.221707,True
282.834474,57,8579.169309,True
274.800516,39,8586.640177,True
281.13261,49,8596.021141,True
281.201445,45,8604.723747,True
272.340423,34,8611.331048,True
271.763292,33,8617.888289,True
262.85698,20,8621.959813,True
289.382405,60,8633.502386,True
287.805536,61,8645.284734,True
284.88427,61,8657.758211,True
275.94677,32,8664.025357,True
271.728967,32,8670.197139,True
278.139626,37,8677.308361,True
289.819956,78,8693.086818,True
275.25919,51,8703.081343,True
280.011633,52,8713.291013,True
281.88374,51,8723.433239,True
271.72969,29,8729.016789,True
285.705447,61,8740.712132,True
288.728248,61,8752.442609,True
268.623678,22,8756.680501,True
263.772502,14,8759.415621,True
268.040173,24,8764.105239,True
279.917185,46,8772.948375,True
260.650679,17,8776.209705,True
-215.375678,174,8809.679086,False
270.720125,46,8837.020888,True
275.420889,47,8845.95209,True
259.073829,62,8858.320456,True
278.777795,46,8867.76451,True
268.761609,47,8877.04186,True
288.605978,63,8889.303099,True
280.791668,61,8901.193682,True
278.637747,42,8909.227881,True
240.08579,16,8912.428282,True
282.985818,57,8923.743693,True
291.02739,73,8938.447516,True
260.10244,17,8941.732593,True
285.015054,59,8953.655077,True
276.692259,48,8963.451785,True
279.997592,51,8973.453956,True
274.367051,64,8986.739342,True
274.532751,38,8994.13733,True
291.963916,64,9007.405064,True
278.96806,50,9017.338377,True
261.32269,14,9020.081468,True
278.074389,33,9026.571867,True
273.504687,45,9035.347566,True
258.242762,12,9037.754217,True
267.834901,22,9042.359103,True
261.953054,16,9045.603771,True
271.40927,28,9051.704533,True
290.773873,71,9065.783217,True
-16.028482,48,9075.001638,False
-39.363017,27,9080.218517,False
25.927489,120,9104.647989,False
278.035311,49,9114.422032,True
287.411979,62,9126.989491,True
279.270441,49,9137.233991,True
290.945732,71,9150.886122,True
259.075427,13,9153.415466,True
288.529676,64,9182.439414,True
278.39129,38,9189.941821,True
288.901988,74,9204.519818,True
272.550637,30,9210.317742,True
286.254624,70,9223.847224,True
274.305067,38,9231.32101,True
286.249278,57,9242.721827,True
280.808612,48,9252.713421,True
279.827958,47,9262.324918,True
281.949394,57,9273.503515,True
287.811836,67,9286.921464,True
276.789318,49,9296.425916,True
275.444891,38,9303.865363,True
285.646746,58,9315.241644,True
282.037446,61,9328.052582,True
281.157302,56,9339.520851,True
284.795613,58,9351.011636,True
280.63486,47,9360.112562,True
286.901469,60,9371.970293,True
285.131649,58,9383.871365,True
270.038265,63,9396.10217,True
273.365946,29,9401.785318,True
272.480924,26,9407.154686,True
266.89934,27,9412.54906,True
287.37611,63,9425.636521,True
285.207821,58,9437.427953,True
293.627004,80,9453.089455,True
268.810444,17,9456.669363,True
290.44042,65,9469.722792,True
50.191519,120,9492.756723,False
241.358991,51,9502.570306,True
